{
  "GET Logout" : {
    "transaction" : "GET Logout",
    "sampleCount" : 900,
    "errorCount" : 0,
    "errorPct" : 0.0,
    "meanResTime" : 687.5666666666672,
    "medianResTime" : 636.0,
    "minResTime" : 7.0,
    "maxResTime" : 2575.0,
    "pct1ResTime" : 1267.0,
    "pct2ResTime" : 1684.6999999999996,
    "pct3ResTime" : 2245.5700000000006,
    "throughput" : 80.8697996226076,
    "receivedKBytesPerSec" : 86.95082947704196,
    "sentKBytesPerSec" : 29.93130279000809
  },
  "GET Logout-0" : {
    "transaction" : "GET Logout-0",
    "sampleCount" : 900,
    "errorCount" : 0,
    "errorPct" : 0.0,
    "meanResTime" : 352.88888888888914,
    "medianResTime" : 246.0,
    "minResTime" : 2.0,
    "maxResTime" : 2232.0,
    "pct1ResTime" : 736.8,
    "pct2ResTime" : 898.8999999999999,
    "pct3ResTime" : 1658.3900000000006,
    "throughput" : 80.88433540037745,
    "receivedKBytesPerSec" : 25.118377595039092,
    "sentKBytesPerSec" : 15.00783566999191
  },
  "Total" : {
    "transaction" : "Total",
    "sampleCount" : 6300,
    "errorCount" : 0,
    "errorPct" : 0.0,
    "meanResTime" : 435.0199999999992,
    "medianResTime" : 273.0,
    "minResTime" : 2.0,
    "maxResTime" : 2992.0,
    "pct1ResTime" : 1027.0,
    "pct2ResTime" : 1276.0,
    "pct3ResTime" : 1942.9699999999993,
    "throughput" : 539.291217257319,
    "receivedKBytesPerSec" : 393.8852240626605,
    "sentKBytesPerSec" : 134.34631002824858
  },
  "GET homepage" : {
    "transaction" : "GET homepage",
    "sampleCount" : 900,
    "errorCount" : 0,
    "errorPct" : 0.0,
    "meanResTime" : 671.2966666666666,
    "medianResTime" : 626.5,
    "minResTime" : 8.0,
    "maxResTime" : 2992.0,
    "pct1ResTime" : 1293.6,
    "pct2ResTime" : 1593.9499999999998,
    "pct3ResTime" : 2030.5900000000004,
    "throughput" : 79.39308398023995,
    "receivedKBytesPerSec" : 85.36307174047283,
    "sentKBytesPerSec" : 29.229680332568808
  },
  "GET homepage-0" : {
    "transaction" : "GET homepage-0",
    "sampleCount" : 900,
    "errorCount" : 0,
    "errorPct" : 0.0,
    "meanResTime" : 329.9188888888888,
    "medianResTime" : 198.0,
    "minResTime" : 3.0,
    "maxResTime" : 2225.0,
    "pct1ResTime" : 762.9,
    "pct2ResTime" : 997.8999999999999,
    "pct3ResTime" : 1282.99,
    "throughput" : 79.46318205897934,
    "receivedKBytesPerSec" : 24.677042865972098,
    "sentKBytesPerSec" : 14.588943581140738
  },
  "Login" : {
    "transaction" : "Login",
    "sampleCount" : 900,
    "errorCount" : 0,
    "errorPct" : 0.0,
    "meanResTime" : 348.48888888888894,
    "medianResTime" : 236.5,
    "minResTime" : 2.0,
    "maxResTime" : 2414.0,
    "pct1ResTime" : 802.6999999999999,
    "pct2ResTime" : 1174.7999999999997,
    "pct3ResTime" : 2336.96,
    "throughput" : 78.74704698573804,
    "receivedKBytesPerSec" : 63.93070806719748,
    "sentKBytesPerSec" : 21.04535337737335
  },
  "GET Logout-1" : {
    "transaction" : "GET Logout-1",
    "sampleCount" : 900,
    "errorCount" : 0,
    "errorPct" : 0.0,
    "meanResTime" : 325.44444444444406,
    "medianResTime" : 177.0,
    "minResTime" : 2.0,
    "maxResTime" : 2166.0,
    "pct1ResTime" : 791.9,
    "pct2ResTime" : 950.8499999999998,
    "pct3ResTime" : 1472.97,
    "throughput" : 81.33020061449484,
    "receivedKBytesPerSec" : 62.18901082143502,
    "sentKBytesPerSec" : 15.011140543105006
  },
  "GET homepage-1" : {
    "transaction" : "GET homepage-1",
    "sampleCount" : 900,
    "errorCount" : 0,
    "errorPct" : 0.0,
    "meanResTime" : 329.5355555555562,
    "medianResTime" : 193.0,
    "minResTime" : 2.0,
    "maxResTime" : 2503.0,
    "pct1ResTime" : 767.3999999999999,
    "pct2ResTime" : 1044.0499999999988,
    "pct3ResTime" : 1542.97,
    "throughput" : 79.57559681697613,
    "receivedKBytesPerSec" : 60.84735576923077,
    "sentKBytesPerSec" : 14.687292771883289
  }
}