{
  "GET Logout" : {
    "transaction" : "GET Logout",
    "sampleCount" : 900,
    "errorCount" : 0,
    "errorPct" : 0.0,
    "meanResTime" : 840.9688888888893,
    "medianResTime" : 740.0,
    "minResTime" : 3.0,
    "maxResTime" : 3497.0,
    "pct1ResTime" : 1593.8999999999996,
    "pct2ResTime" : 2120.5499999999993,
    "pct3ResTime" : 2459.4000000000005,
    "throughput" : 65.76543660942639,
    "receivedKBytesPerSec" : 70.71068916697114,
    "sentKBytesPerSec" : 24.340918432590428
  },
  "GET Logout-0" : {
    "transaction" : "GET Logout-0",
    "sampleCount" : 900,
    "errorCount" : 0,
    "errorPct" : 0.0,
    "meanResTime" : 430.75444444444474,
    "medianResTime" : 323.0,
    "minResTime" : 2.0,
    "maxResTime" : 2117.0,
    "pct1ResTime" : 878.5999999999999,
    "pct2ResTime" : 1260.0,
    "pct3ResTime" : 1644.97,
    "throughput" : 65.77024261911723,
    "receivedKBytesPerSec" : 20.424743313358668,
    "sentKBytesPerSec" : 12.203462985969015
  },
  "Total" : {
    "transaction" : "Total",
    "sampleCount" : 6300,
    "errorCount" : 0,
    "errorPct" : 0.0,
    "meanResTime" : 601.4646031746001,
    "medianResTime" : 399.0,
    "minResTime" : 1.0,
    "maxResTime" : 4229.0,
    "pct1ResTime" : 1407.9000000000005,
    "pct2ResTime" : 1897.699999999999,
    "pct3ResTime" : 2456.99,
    "throughput" : 435.142975549109,
    "receivedKBytesPerSec" : 319.8616543203481,
    "sentKBytesPerSec" : 106.23607801491919
  },
  "GET homepage" : {
    "transaction" : "GET homepage",
    "sampleCount" : 900,
    "errorCount" : 0,
    "errorPct" : 0.0,
    "meanResTime" : 1051.4711111111117,
    "medianResTime" : 893.0,
    "minResTime" : 18.0,
    "maxResTime" : 4229.0,
    "pct1ResTime" : 2180.6,
    "pct2ResTime" : 2457.95,
    "pct3ResTime" : 3195.9700000000003,
    "throughput" : 64.19858763107212,
    "receivedKBytesPerSec" : 69.02602049004922,
    "sentKBytesPerSec" : 23.635612829017763
  },
  "GET homepage-0" : {
    "transaction" : "GET homepage-0",
    "sampleCount" : 900,
    "errorCount" : 0,
    "errorPct" : 0.0,
    "meanResTime" : 683.1344444444437,
    "medianResTime" : 526.0,
    "minResTime" : 2.0,
    "maxResTime" : 3279.0,
    "pct1ResTime" : 1774.0,
    "pct2ResTime" : 2118.95,
    "pct3ResTime" : 2309.9700000000003,
    "throughput" : 64.28571428571428,
    "receivedKBytesPerSec" : 19.963727678571427,
    "sentKBytesPerSec" : 11.802455357142858
  },
  "Login" : {
    "transaction" : "Login",
    "sampleCount" : 900,
    "errorCount" : 0,
    "errorPct" : 0.0,
    "meanResTime" : 477.2222222222222,
    "medianResTime" : 335.0,
    "minResTime" : 2.0,
    "maxResTime" : 3516.0,
    "pct1ResTime" : 1084.8,
    "pct2ResTime" : 1415.7499999999995,
    "pct3ResTime" : 2293.090000000001,
    "throughput" : 62.59127894846652,
    "receivedKBytesPerSec" : 52.872515908616734,
    "sentKBytesPerSec" : 14.547582411850616
  },
  "GET Logout-1" : {
    "transaction" : "GET Logout-1",
    "sampleCount" : 900,
    "errorCount" : 0,
    "errorPct" : 0.0,
    "meanResTime" : 381.2822222222223,
    "medianResTime" : 238.0,
    "minResTime" : 1.0,
    "maxResTime" : 2669.0,
    "pct1ResTime" : 808.9,
    "pct2ResTime" : 1202.7999999999997,
    "pct3ResTime" : 1904.93,
    "throughput" : 66.56804733727812,
    "receivedKBytesPerSec" : 50.901153383875744,
    "sentKBytesPerSec" : 12.286485299556213
  },
  "GET homepage-1" : {
    "transaction" : "GET homepage-1",
    "sampleCount" : 900,
    "errorCount" : 0,
    "errorPct" : 0.0,
    "meanResTime" : 345.41888888888894,
    "medianResTime" : 251.0,
    "minResTime" : 5.0,
    "maxResTime" : 2380.0,
    "pct1ResTime" : 747.5999999999999,
    "pct2ResTime" : 1018.8499999999998,
    "pct3ResTime" : 1692.9300000000019,
    "throughput" : 64.24900057110221,
    "receivedKBytesPerSec" : 49.12789789762993,
    "sentKBytesPerSec" : 11.858458113221017
  }
}