{
  "GET Logout" : {
    "transaction" : "GET Logout",
    "sampleCount" : 900,
    "errorCount" : 0,
    "errorPct" : 0.0,
    "meanResTime" : 1178.0988888888887,
    "medianResTime" : 1123.0,
    "minResTime" : 20.0,
    "maxResTime" : 3674.0,
    "pct1ResTime" : 2121.3999999999996,
    "pct2ResTime" : 2434.0,
    "pct3ResTime" : 2936.87,
    "throughput" : 59.05124335673512,
    "receivedKBytesPerSec" : 63.49162005445837,
    "sentKBytesPerSec" : 26.815261875861164
  },
  "GET Homepage" : {
    "transaction" : "GET Homepage",
    "sampleCount" : 900,
    "errorCount" : 0,
    "errorPct" : 0.0,
    "meanResTime" : 1242.7399999999982,
    "medianResTime" : 1168.5,
    "minResTime" : 44.0,
    "maxResTime" : 4439.0,
    "pct1ResTime" : 2315.6,
    "pct2ResTime" : 2538.7499999999995,
    "pct3ResTime" : 3233.91,
    "throughput" : 58.60901276374056,
    "receivedKBytesPerSec" : 63.01613579382652,
    "sentKBytesPerSec" : 26.49997354454285
  },
  "GET Logout-0" : {
    "transaction" : "GET Logout-0",
    "sampleCount" : 900,
    "errorCount" : 0,
    "errorPct" : 0.0,
    "meanResTime" : 511.35333333333324,
    "medianResTime" : 378.0,
    "minResTime" : 2.0,
    "maxResTime" : 2239.0,
    "pct1ResTime" : 1163.5,
    "pct2ResTime" : 1467.7999999999997,
    "pct3ResTime" : 1859.8300000000002,
    "throughput" : 59.06674542232723,
    "receivedKBytesPerSec" : 18.342993207324277,
    "sentKBytesPerSec" : 13.439991878322504
  },
  "Total" : {
    "transaction" : "Total",
    "sampleCount" : 6300,
    "errorCount" : 0,
    "errorPct" : 0.0,
    "meanResTime" : 787.9504761904773,
    "medianResTime" : 645.0,
    "minResTime" : 2.0,
    "maxResTime" : 4439.0,
    "pct1ResTime" : 1646.9000000000005,
    "pct2ResTime" : 1982.9499999999998,
    "pct3ResTime" : 2627.8399999999965,
    "throughput" : 390.746139056007,
    "receivedKBytesPerSec" : 285.3915020467655,
    "sentKBytesPerSec" : 118.43765505799168
  },
  "GET Homepage-0" : {
    "transaction" : "GET Homepage-0",
    "sampleCount" : 900,
    "errorCount" : 0,
    "errorPct" : 0.0,
    "meanResTime" : 645.2399999999996,
    "medianResTime" : 536.5,
    "minResTime" : 5.0,
    "maxResTime" : 2558.0,
    "pct1ResTime" : 1382.5,
    "pct2ResTime" : 1554.7499999999995,
    "pct3ResTime" : 2101.9300000000003,
    "throughput" : 58.80815473078933,
    "receivedKBytesPerSec" : 18.262688676163094,
    "sentKBytesPerSec" : 13.266292717590172
  },
  "Login" : {
    "transaction" : "Login",
    "sampleCount" : 900,
    "errorCount" : 0,
    "errorPct" : 0.0,
    "meanResTime" : 773.2955555555567,
    "medianResTime" : 682.5,
    "minResTime" : 3.0,
    "maxResTime" : 2657.0,
    "pct1ResTime" : 1727.9,
    "pct2ResTime" : 1921.9499999999998,
    "pct3ResTime" : 2291.370000000001,
    "throughput" : 56.25,
    "receivedKBytesPerSec" : 45.66650390625,
    "sentKBytesPerSec" : 17.39501953125
  },
  "GET Logout-1" : {
    "transaction" : "GET Logout-1",
    "sampleCount" : 900,
    "errorCount" : 0,
    "errorPct" : 0.0,
    "meanResTime" : 605.1499999999999,
    "medianResTime" : 481.5,
    "minResTime" : 2.0,
    "maxResTime" : 2241.0,
    "pct1ResTime" : 1297.8,
    "pct2ResTime" : 1529.85,
    "pct3ResTime" : 1879.3600000000006,
    "throughput" : 59.152152481104174,
    "receivedKBytesPerSec" : 45.23060096943806,
    "sentKBytesPerSec" : 13.401659546500165
  },
  "GET Homepage-1" : {
    "transaction" : "GET Homepage-1",
    "sampleCount" : 900,
    "errorCount" : 0,
    "errorPct" : 0.0,
    "meanResTime" : 559.7755555555555,
    "medianResTime" : 428.0,
    "minResTime" : 3.0,
    "maxResTime" : 2553.0,
    "pct1ResTime" : 1256.9,
    "pct2ResTime" : 1500.85,
    "pct3ResTime" : 1910.94,
    "throughput" : 58.96999082689031,
    "receivedKBytesPerSec" : 45.091311345171015,
    "sentKBytesPerSec" : 13.360388546717337
  }
}