{
  "GET Logout" : {
    "transaction" : "GET Logout",
    "sampleCount" : 900,
    "errorCount" : 0,
    "errorPct" : 0.0,
    "meanResTime" : 1052.8388888888892,
    "medianResTime" : 919.0,
    "minResTime" : 38.0,
    "maxResTime" : 4025.0,
    "pct1ResTime" : 1916.8,
    "pct2ResTime" : 2116.95,
    "pct3ResTime" : 2961.99,
    "throughput" : 59.308072487644154,
    "receivedKBytesPerSec" : 63.767761532125206,
    "sentKBytesPerSec" : 26.93188838550247
  },
  "GET Homepage" : {
    "transaction" : "GET Homepage",
    "sampleCount" : 900,
    "errorCount" : 0,
    "errorPct" : 0.0,
    "meanResTime" : 1158.6366666666645,
    "medianResTime" : 986.0,
    "minResTime" : 30.0,
    "maxResTime" : 4737.0,
    "pct1ResTime" : 2322.2,
    "pct2ResTime" : 2623.6499999999996,
    "pct3ResTime" : 3889.55,
    "throughput" : 56.21135469364812,
    "receivedKBytesPerSec" : 60.43818507588533,
    "sentKBytesPerSec" : 25.41587619449129
  },
  "GET Logout-0" : {
    "transaction" : "GET Logout-0",
    "sampleCount" : 900,
    "errorCount" : 0,
    "errorPct" : 0.0,
    "meanResTime" : 509.93111111111114,
    "medianResTime" : 427.0,
    "minResTime" : 10.0,
    "maxResTime" : 2567.0,
    "pct1ResTime" : 992.9,
    "pct2ResTime" : 1229.4999999999993,
    "pct3ResTime" : 1834.7300000000002,
    "throughput" : 59.3589236248516,
    "receivedKBytesPerSec" : 18.433728235061338,
    "sentKBytesPerSec" : 13.506473832607835
  },
  "Total" : {
    "transaction" : "Total",
    "sampleCount" : 6300,
    "errorCount" : 0,
    "errorPct" : 0.0,
    "meanResTime" : 706.3282539682526,
    "medianResTime" : 532.0,
    "minResTime" : 3.0,
    "maxResTime" : 4737.0,
    "pct1ResTime" : 1564.0,
    "pct2ResTime" : 1923.0,
    "pct3ResTime" : 2628.0,
    "throughput" : 347.6053851246965,
    "receivedKBytesPerSec" : 253.88254179540942,
    "sentKBytesPerSec" : 105.3614164919444
  },
  "GET Homepage-0" : {
    "transaction" : "GET Homepage-0",
    "sampleCount" : 900,
    "errorCount" : 0,
    "errorPct" : 0.0,
    "meanResTime" : 501.22888888888866,
    "medianResTime" : 416.5,
    "minResTime" : 3.0,
    "maxResTime" : 3055.0,
    "pct1ResTime" : 1005.9,
    "pct2ResTime" : 1338.4999999999966,
    "pct3ResTime" : 2026.4000000000005,
    "throughput" : 56.40511406367511,
    "receivedKBytesPerSec" : 17.516431906492855,
    "sentKBytesPerSec" : 12.724200535848585
  },
  "Login" : {
    "transaction" : "Login",
    "sampleCount" : 900,
    "errorCount" : 0,
    "errorPct" : 0.0,
    "meanResTime" : 752.6822222222229,
    "medianResTime" : 563.5,
    "minResTime" : 3.0,
    "maxResTime" : 2330.0,
    "pct1ResTime" : 1894.0,
    "pct2ResTime" : 1922.0,
    "pct3ResTime" : 1926.0,
    "throughput" : 50.39193729003359,
    "receivedKBytesPerSec" : 40.91064179731243,
    "sentKBytesPerSec" : 15.58344414893617
  },
  "GET Logout-1" : {
    "transaction" : "GET Logout-1",
    "sampleCount" : 900,
    "errorCount" : 0,
    "errorPct" : 0.0,
    "meanResTime" : 483.23333333333335,
    "medianResTime" : 341.5,
    "minResTime" : 8.0,
    "maxResTime" : 2487.0,
    "pct1ResTime" : 1116.1999999999998,
    "pct2ResTime" : 1473.6999999999996,
    "pct3ResTime" : 1846.2700000000007,
    "throughput" : 61.02522375915378,
    "receivedKBytesPerSec" : 46.66284199552482,
    "sentKBytesPerSec" : 13.82602725793328
  },
  "GET Homepage-1" : {
    "transaction" : "GET Homepage-1",
    "sampleCount" : 900,
    "errorCount" : 0,
    "errorPct" : 0.0,
    "meanResTime" : 485.74666666666633,
    "medianResTime" : 366.5,
    "minResTime" : 3.0,
    "maxResTime" : 2525.0,
    "pct1ResTime" : 1052.6,
    "pct2ResTime" : 1383.8999999999999,
    "pct3ResTime" : 2001.8600000000001,
    "throughput" : 56.703629032258064,
    "receivedKBytesPerSec" : 43.35834134009577,
    "sentKBytesPerSec" : 12.846915952620968
  }
}