{
  "GET Logout" : {
    "transaction" : "GET Logout",
    "sampleCount" : 900,
    "errorCount" : 0,
    "errorPct" : 0.0,
    "meanResTime" : 1052.7955555555543,
    "medianResTime" : 932.5,
    "minResTime" : 10.0,
    "maxResTime" : 4701.0,
    "pct1ResTime" : 2023.4999999999995,
    "pct2ResTime" : 2405.2999999999993,
    "pct3ResTime" : 2944.5200000000004,
    "throughput" : 62.981105668299506,
    "receivedKBytesPerSec" : 67.71698959062282,
    "sentKBytesPerSec" : 28.599818491952416
  },
  "GET Homepage" : {
    "transaction" : "GET Homepage",
    "sampleCount" : 900,
    "errorCount" : 0,
    "errorPct" : 0.0,
    "meanResTime" : 1090.704444444446,
    "medianResTime" : 978.0,
    "minResTime" : 30.0,
    "maxResTime" : 4189.0,
    "pct1ResTime" : 1967.6999999999998,
    "pct2ResTime" : 2165.7999999999997,
    "pct3ResTime" : 3104.4000000000005,
    "throughput" : 60.10016694490818,
    "receivedKBytesPerSec" : 64.61941777963273,
    "sentKBytesPerSec" : 27.174196577629385
  },
  "GET Logout-0" : {
    "transaction" : "GET Logout-0",
    "sampleCount" : 900,
    "errorCount" : 0,
    "errorPct" : 0.0,
    "meanResTime" : 532.7466666666671,
    "medianResTime" : 423.5,
    "minResTime" : 2.0,
    "maxResTime" : 2427.0,
    "pct1ResTime" : 1159.5,
    "pct2ResTime" : 1452.9499999999998,
    "pct3ResTime" : 1958.4600000000005,
    "throughput" : 63.003150157507875,
    "receivedKBytesPerSec" : 19.565431396569828,
    "sentKBytesPerSec" : 14.33567772138607
  },
  "Total" : {
    "transaction" : "Total",
    "sampleCount" : 6300,
    "errorCount" : 0,
    "errorPct" : 0.0,
    "meanResTime" : 705.5479365079381,
    "medianResTime" : 566.0,
    "minResTime" : 2.0,
    "maxResTime" : 4701.0,
    "pct1ResTime" : 1478.0,
    "pct2ResTime" : 1852.749999999999,
    "pct3ResTime" : 2627.949999999999,
    "throughput" : 403.14839700518337,
    "receivedKBytesPerSec" : 294.4498104242657,
    "sentKBytesPerSec" : 122.19685880207334
  },
  "GET Homepage-0" : {
    "transaction" : "GET Homepage-0",
    "sampleCount" : 900,
    "errorCount" : 0,
    "errorPct" : 0.0,
    "meanResTime" : 556.6655555555558,
    "medianResTime" : 436.5,
    "minResTime" : 5.0,
    "maxResTime" : 3428.0,
    "pct1ResTime" : 1073.9,
    "pct2ResTime" : 1331.5499999999993,
    "pct3ResTime" : 2064.59,
    "throughput" : 60.20469596628537,
    "receivedKBytesPerSec" : 18.696380192655027,
    "sentKBytesPerSec" : 13.581332781456954
  },
  "Login" : {
    "transaction" : "Login",
    "sampleCount" : 900,
    "errorCount" : 0,
    "errorPct" : 0.0,
    "meanResTime" : 684.6511111111104,
    "medianResTime" : 619.5,
    "minResTime" : 7.0,
    "maxResTime" : 3620.0,
    "pct1ResTime" : 1337.8,
    "pct2ResTime" : 1599.5999999999995,
    "pct3ResTime" : 2435.1800000000017,
    "throughput" : 57.959814528593505,
    "receivedKBytesPerSec" : 47.05461505023184,
    "sentKBytesPerSec" : 17.92377076893354
  },
  "GET Logout-1" : {
    "transaction" : "GET Logout-1",
    "sampleCount" : 900,
    "errorCount" : 0,
    "errorPct" : 0.0,
    "meanResTime" : 509.55111111111063,
    "medianResTime" : 361.5,
    "minResTime" : 3.0,
    "maxResTime" : 3226.0,
    "pct1ResTime" : 1077.8,
    "pct2ResTime" : 1385.7999999999997,
    "pct3ResTime" : 1962.2600000000007,
    "throughput" : 65.09004122369278,
    "receivedKBytesPerSec" : 49.77099831850727,
    "sentKBytesPerSec" : 14.746962464742895
  },
  "GET Homepage-1" : {
    "transaction" : "GET Homepage-1",
    "sampleCount" : 900,
    "errorCount" : 0,
    "errorPct" : 0.0,
    "meanResTime" : 511.7211111111101,
    "medianResTime" : 394.5,
    "minResTime" : 3.0,
    "maxResTime" : 2276.0,
    "pct1ResTime" : 1156.6999999999998,
    "pct2ResTime" : 1314.85,
    "pct3ResTime" : 1810.5800000000004,
    "throughput" : 60.144346431435444,
    "receivedKBytesPerSec" : 45.989280523255815,
    "sentKBytesPerSec" : 13.626453488372093
  }
}