{
  "GET Logout" : {
    "transaction" : "GET Logout",
    "sampleCount" : 900,
    "errorCount" : 0,
    "errorPct" : 0.0,
    "meanResTime" : 740.0822222222229,
    "medianResTime" : 618.5,
    "minResTime" : 5.0,
    "maxResTime" : 3539.0,
    "pct1ResTime" : 1439.9,
    "pct2ResTime" : 1609.4999999999993,
    "pct3ResTime" : 2442.94,
    "throughput" : 80.97894547417671,
    "receivedKBytesPerSec" : 87.06818258502788,
    "sentKBytesPerSec" : 29.971699545618137
  },
  "GET Logout-0" : {
    "transaction" : "GET Logout-0",
    "sampleCount" : 900,
    "errorCount" : 0,
    "errorPct" : 0.0,
    "meanResTime" : 363.00333333333356,
    "medianResTime" : 291.5,
    "minResTime" : 1.0,
    "maxResTime" : 2438.0,
    "pct1ResTime" : 771.1999999999998,
    "pct2ResTime" : 974.8499999999998,
    "pct3ResTime" : 1362.0700000000008,
    "throughput" : 81.09569291764282,
    "receivedKBytesPerSec" : 25.18401401153361,
    "sentKBytesPerSec" : 15.047052396828256
  },
  "Total" : {
    "transaction" : "Total",
    "sampleCount" : 6300,
    "errorCount" : 0,
    "errorPct" : 0.0,
    "meanResTime" : 494.037142857145,
    "medianResTime" : 361.0,
    "minResTime" : 1.0,
    "maxResTime" : 3539.0,
    "pct1ResTime" : 1114.9000000000005,
    "pct2ResTime" : 1380.0,
    "pct3ResTime" : 1965.9399999999987,
    "throughput" : 504.4035228182546,
    "receivedKBytesPerSec" : 368.4040982786229,
    "sentKBytesPerSec" : 125.65521166933547
  },
  "GET homepage" : {
    "transaction" : "GET homepage",
    "sampleCount" : 900,
    "errorCount" : 0,
    "errorPct" : 0.0,
    "meanResTime" : 793.816666666667,
    "medianResTime" : 708.5,
    "minResTime" : 4.0,
    "maxResTime" : 3151.0,
    "pct1ResTime" : 1499.0,
    "pct2ResTime" : 1797.7999999999984,
    "pct3ResTime" : 2188.9700000000003,
    "throughput" : 74.32488231893633,
    "receivedKBytesPerSec" : 79.91376507143447,
    "sentKBytesPerSec" : 27.36375061937402
  },
  "GET homepage-0" : {
    "transaction" : "GET homepage-0",
    "sampleCount" : 900,
    "errorCount" : 0,
    "errorPct" : 0.0,
    "meanResTime" : 370.4533333333336,
    "medianResTime" : 255.0,
    "minResTime" : 1.0,
    "maxResTime" : 1860.0,
    "pct1ResTime" : 830.5999999999999,
    "pct2ResTime" : 1017.9499999999999,
    "pct3ResTime" : 1396.8300000000002,
    "throughput" : 74.33716032047576,
    "receivedKBytesPerSec" : 23.085172833897747,
    "sentKBytesPerSec" : 13.647838027587348
  },
  "Login" : {
    "transaction" : "Login",
    "sampleCount" : 900,
    "errorCount" : 0,
    "errorPct" : 0.0,
    "meanResTime" : 468.07555555555626,
    "medianResTime" : 359.0,
    "minResTime" : 2.0,
    "maxResTime" : 2662.0,
    "pct1ResTime" : 1122.8,
    "pct2ResTime" : 1334.0,
    "pct3ResTime" : 1801.2700000000025,
    "throughput" : 72.21375270801572,
    "receivedKBytesPerSec" : 58.6266599133435,
    "sentKBytesPerSec" : 19.29931346786488
  },
  "GET Logout-1" : {
    "transaction" : "GET Logout-1",
    "sampleCount" : 900,
    "errorCount" : 0,
    "errorPct" : 0.0,
    "meanResTime" : 357.8255555555554,
    "medianResTime" : 218.5,
    "minResTime" : 2.0,
    "maxResTime" : 2668.0,
    "pct1ResTime" : 915.4999999999999,
    "pct2ResTime" : 1095.249999999999,
    "pct3ResTime" : 1534.2300000000007,
    "throughput" : 81.16151140770133,
    "receivedKBytesPerSec" : 62.06002288303724,
    "sentKBytesPerSec" : 14.980005523491748
  },
  "GET homepage-1" : {
    "transaction" : "GET homepage-1",
    "sampleCount" : 900,
    "errorCount" : 0,
    "errorPct" : 0.0,
    "meanResTime" : 365.0033333333333,
    "medianResTime" : 230.5,
    "minResTime" : 2.0,
    "maxResTime" : 2154.0,
    "pct1ResTime" : 866.4999999999999,
    "pct2ResTime" : 1208.4999999999993,
    "pct3ResTime" : 1530.6800000000003,
    "throughput" : 74.3801652892562,
    "receivedKBytesPerSec" : 56.87467716942149,
    "sentKBytesPerSec" : 13.72837035123967
  }
}