{
  "GET Logout" : {
    "transaction" : "GET Logout",
    "sampleCount" : 900,
    "errorCount" : 0,
    "errorPct" : 0.0,
    "meanResTime" : 845.8555555555557,
    "medianResTime" : 814.0,
    "minResTime" : 14.0,
    "maxResTime" : 3216.0,
    "pct1ResTime" : 1471.5,
    "pct2ResTime" : 1739.8999999999985,
    "pct3ResTime" : 2704.99,
    "throughput" : 78.87817703768624,
    "receivedKBytesPerSec" : 84.80944620946538,
    "sentKBytesPerSec" : 29.19416904031551
  },
  "GET Logout-0" : {
    "transaction" : "GET Logout-0",
    "sampleCount" : 900,
    "errorCount" : 0,
    "errorPct" : 0.0,
    "meanResTime" : 442.03444444444443,
    "medianResTime" : 375.0,
    "minResTime" : 2.0,
    "maxResTime" : 2936.0,
    "pct1ResTime" : 845.6999999999999,
    "pct2ResTime" : 1062.2999999999963,
    "pct3ResTime" : 2095.5700000000024,
    "throughput" : 78.94044382071748,
    "receivedKBytesPerSec" : 24.514708139636873,
    "sentKBytesPerSec" : 14.647152662047189
  },
  "Total" : {
    "transaction" : "Total",
    "sampleCount" : 6300,
    "errorCount" : 0,
    "errorPct" : 0.0,
    "meanResTime" : 552.9511111111127,
    "medianResTime" : 442.0,
    "minResTime" : 2.0,
    "maxResTime" : 3513.0,
    "pct1ResTime" : 1141.0,
    "pct2ResTime" : 1411.8499999999995,
    "pct3ResTime" : 2135.8499999999967,
    "throughput" : 501.87206245519,
    "receivedKBytesPerSec" : 368.9123740340954,
    "sentKBytesPerSec" : 122.5273589978491
  },
  "GET homepage" : {
    "transaction" : "GET homepage",
    "sampleCount" : 900,
    "errorCount" : 0,
    "errorPct" : 0.0,
    "meanResTime" : 808.4166666666664,
    "medianResTime" : 764.0,
    "minResTime" : 18.0,
    "maxResTime" : 3078.0,
    "pct1ResTime" : 1411.1,
    "pct2ResTime" : 1702.4999999999993,
    "pct3ResTime" : 2359.5000000000005,
    "throughput" : 74.68879668049793,
    "receivedKBytesPerSec" : 80.30504408713692,
    "sentKBytesPerSec" : 27.49773080912863
  },
  "GET homepage-0" : {
    "transaction" : "GET homepage-0",
    "sampleCount" : 900,
    "errorCount" : 0,
    "errorPct" : 0.0,
    "meanResTime" : 498.88777777777835,
    "medianResTime" : 430.0,
    "minResTime" : 3.0,
    "maxResTime" : 2830.0,
    "pct1ResTime" : 1010.8999999999997,
    "pct2ResTime" : 1215.85,
    "pct3ResTime" : 1547.98,
    "throughput" : 74.73220958232999,
    "receivedKBytesPerSec" : 23.207854147637633,
    "sentKBytesPerSec" : 13.720366603005896
  },
  "Login" : {
    "transaction" : "Login",
    "sampleCount" : 900,
    "errorCount" : 0,
    "errorPct" : 0.0,
    "meanResTime" : 601.6333333333336,
    "medianResTime" : 486.5,
    "minResTime" : 2.0,
    "maxResTime" : 3513.0,
    "pct1ResTime" : 1142.9,
    "pct2ResTime" : 1467.7999999999997,
    "pct3ResTime" : 2309.83,
    "throughput" : 72.20795892169447,
    "receivedKBytesPerSec" : 60.99598092506418,
    "sentKBytesPerSec" : 16.78270920250321
  },
  "GET Logout-1" : {
    "transaction" : "GET Logout-1",
    "sampleCount" : 900,
    "errorCount" : 0,
    "errorPct" : 0.0,
    "meanResTime" : 383.7333333333336,
    "medianResTime" : 333.5,
    "minResTime" : 2.0,
    "maxResTime" : 2399.0,
    "pct1ResTime" : 765.9,
    "pct2ResTime" : 886.3999999999992,
    "pct3ResTime" : 1519.98,
    "throughput" : 80.77544426494346,
    "receivedKBytesPerSec" : 61.76481724555735,
    "sentKBytesPerSec" : 14.908748990306947
  },
  "GET homepage-1" : {
    "transaction" : "GET homepage-1",
    "sampleCount" : 900,
    "errorCount" : 0,
    "errorPct" : 0.0,
    "meanResTime" : 290.09666666666675,
    "medianResTime" : 231.5,
    "minResTime" : 2.0,
    "maxResTime" : 2310.0,
    "pct1ResTime" : 588.9,
    "pct2ResTime" : 791.7499999999997,
    "pct3ResTime" : 1324.93,
    "throughput" : 75.78947368421053,
    "receivedKBytesPerSec" : 57.952302631578945,
    "sentKBytesPerSec" : 13.988486842105264
  }
}