{
  "GET Logout" : {
    "transaction" : "GET Logout",
    "sampleCount" : 900,
    "errorCount" : 0,
    "errorPct" : 0.0,
    "meanResTime" : 873.1544444444443,
    "medianResTime" : 715.0,
    "minResTime" : 14.0,
    "maxResTime" : 3758.0,
    "pct1ResTime" : 1732.6999999999994,
    "pct2ResTime" : 2077.8999999999996,
    "pct3ResTime" : 2643.91,
    "throughput" : 83.07181096547906,
    "receivedKBytesPerSec" : 89.31842175096918,
    "sentKBytesPerSec" : 30.746305035074766
  },
  "GET Logout-0" : {
    "transaction" : "GET Logout-0",
    "sampleCount" : 900,
    "errorCount" : 0,
    "errorPct" : 0.0,
    "meanResTime" : 457.30999999999966,
    "medianResTime" : 341.0,
    "minResTime" : 3.0,
    "maxResTime" : 2115.0,
    "pct1ResTime" : 997.8,
    "pct2ResTime" : 1345.9499999999985,
    "pct3ResTime" : 1627.4900000000005,
    "throughput" : 83.09482042286031,
    "receivedKBytesPerSec" : 25.804836811005448,
    "sentKBytesPerSec" : 15.417984258147909
  },
  "Total" : {
    "transaction" : "Total",
    "sampleCount" : 6300,
    "errorCount" : 0,
    "errorPct" : 0.0,
    "meanResTime" : 585.0031746031705,
    "medianResTime" : 476.5,
    "minResTime" : 2.0,
    "maxResTime" : 3758.0,
    "pct1ResTime" : 1251.0,
    "pct2ResTime" : 1525.8499999999995,
    "pct3ResTime" : 2101.99,
    "throughput" : 505.37461896358093,
    "receivedKBytesPerSec" : 371.8395285175678,
    "sentKBytesPerSec" : 123.73499669099952
  },
  "GET homepage" : {
    "transaction" : "GET homepage",
    "sampleCount" : 900,
    "errorCount" : 0,
    "errorPct" : 0.0,
    "meanResTime" : 897.705555555555,
    "medianResTime" : 843.5,
    "minResTime" : 28.0,
    "maxResTime" : 2617.0,
    "pct1ResTime" : 1492.5,
    "pct2ResTime" : 1751.5499999999993,
    "pct3ResTime" : 2348.2200000000007,
    "throughput" : 76.1872513332769,
    "receivedKBytesPerSec" : 81.91617550579869,
    "sentKBytesPerSec" : 28.049407961567763
  },
  "GET homepage-0" : {
    "transaction" : "GET homepage-0",
    "sampleCount" : 900,
    "errorCount" : 0,
    "errorPct" : 0.0,
    "meanResTime" : 457.9155555555551,
    "medianResTime" : 401.0,
    "minResTime" : 4.0,
    "maxResTime" : 1762.0,
    "pct1ResTime" : 917.8,
    "pct2ResTime" : 1090.9499999999998,
    "pct3ResTime" : 1405.7300000000002,
    "throughput" : 76.56967840735068,
    "receivedKBytesPerSec" : 23.778474349157733,
    "sentKBytesPerSec" : 14.057714395099541
  },
  "Login" : {
    "transaction" : "Login",
    "sampleCount" : 900,
    "errorCount" : 0,
    "errorPct" : 0.0,
    "meanResTime" : 630.0944444444445,
    "medianResTime" : 538.0,
    "minResTime" : 10.0,
    "maxResTime" : 2524.0,
    "pct1ResTime" : 1310.3999999999999,
    "pct2ResTime" : 1695.5499999999993,
    "pct3ResTime" : 1912.99,
    "throughput" : 72.9631130928253,
    "receivedKBytesPerSec" : 61.99014491284961,
    "sentKBytesPerSec" : 17.314488751520063
  },
  "GET Logout-1" : {
    "transaction" : "GET Logout-1",
    "sampleCount" : 900,
    "errorCount" : 0,
    "errorPct" : 0.0,
    "meanResTime" : 405.0511111111112,
    "medianResTime" : 300.0,
    "minResTime" : 2.0,
    "maxResTime" : 1708.0,
    "pct1ResTime" : 978.8999999999997,
    "pct2ResTime" : 1165.9499999999998,
    "pct3ResTime" : 1529.96,
    "throughput" : 89.35663224781572,
    "receivedKBytesPerSec" : 68.32640922855441,
    "sentKBytesPerSec" : 16.492581537926927
  },
  "GET homepage-1" : {
    "transaction" : "GET homepage-1",
    "sampleCount" : 900,
    "errorCount" : 0,
    "errorPct" : 0.0,
    "meanResTime" : 373.7911111111109,
    "medianResTime" : 291.5,
    "minResTime" : 3.0,
    "maxResTime" : 1767.0,
    "pct1ResTime" : 834.1999999999998,
    "pct2ResTime" : 1077.249999999999,
    "pct3ResTime" : 1545.8700000000001,
    "throughput" : 80.81170871868547,
    "receivedKBytesPerSec" : 61.79254680344796,
    "sentKBytesPerSec" : 14.91544233186675
  }
}