{
  "GET Logout" : {
    "transaction" : "GET Logout",
    "sampleCount" : 900,
    "errorCount" : 0,
    "errorPct" : 0.0,
    "meanResTime" : 1010.2433333333322,
    "medianResTime" : 929.0,
    "minResTime" : 9.0,
    "maxResTime" : 3464.0,
    "pct1ResTime" : 1915.6999999999998,
    "pct2ResTime" : 2229.5499999999993,
    "pct3ResTime" : 3027.71,
    "throughput" : 69.89748369058714,
    "receivedKBytesPerSec" : 75.1534468196645,
    "sentKBytesPerSec" : 25.870260076887234
  },
  "GET Logout-0" : {
    "transaction" : "GET Logout-0",
    "sampleCount" : 900,
    "errorCount" : 0,
    "errorPct" : 0.0,
    "meanResTime" : 503.3011111111105,
    "medianResTime" : 425.5,
    "minResTime" : 2.0,
    "maxResTime" : 2900.0,
    "pct1ResTime" : 1019.8,
    "pct2ResTime" : 1293.3999999999992,
    "pct3ResTime" : 1891.93,
    "throughput" : 69.91377301328362,
    "receivedKBytesPerSec" : 21.711503728734563,
    "sentKBytesPerSec" : 12.972282102074109
  },
  "Total" : {
    "transaction" : "Total",
    "sampleCount" : 6300,
    "errorCount" : 0,
    "errorPct" : 0.0,
    "meanResTime" : 615.8155555555549,
    "medianResTime" : 457.0,
    "minResTime" : 1.0,
    "maxResTime" : 4507.0,
    "pct1ResTime" : 1350.9000000000005,
    "pct2ResTime" : 1645.699999999999,
    "pct3ResTime" : 2460.8899999999976,
    "throughput" : 471.2041884816754,
    "receivedKBytesPerSec" : 344.1561097606582,
    "sentKBytesPerSec" : 117.38471157442035
  },
  "GET homepage" : {
    "transaction" : "GET homepage",
    "sampleCount" : 900,
    "errorCount" : 0,
    "errorPct" : 0.0,
    "meanResTime" : 929.1533333333332,
    "medianResTime" : 795.5,
    "minResTime" : 8.0,
    "maxResTime" : 4507.0,
    "pct1ResTime" : 1739.1999999999998,
    "pct2ResTime" : 2125.749999999994,
    "pct3ResTime" : 3295.9500000000007,
    "throughput" : 69.9518109746619,
    "receivedKBytesPerSec" : 75.21185926084253,
    "sentKBytesPerSec" : 25.75374290766361
  },
  "GET homepage-0" : {
    "transaction" : "GET homepage-0",
    "sampleCount" : 900,
    "errorCount" : 0,
    "errorPct" : 0.0,
    "meanResTime" : 432.9799999999998,
    "medianResTime" : 305.0,
    "minResTime" : 1.0,
    "maxResTime" : 2860.0,
    "pct1ResTime" : 944.9999999999998,
    "pct2ResTime" : 1264.5499999999993,
    "pct3ResTime" : 2023.8600000000001,
    "throughput" : 70.02256282579943,
    "receivedKBytesPerSec" : 21.74528806504318,
    "sentKBytesPerSec" : 12.855704893799114
  },
  "Login" : {
    "transaction" : "Login",
    "sampleCount" : 900,
    "errorCount" : 0,
    "errorPct" : 0.0,
    "meanResTime" : 561.5322222222221,
    "medianResTime" : 397.0,
    "minResTime" : 2.0,
    "maxResTime" : 3297.0,
    "pct1ResTime" : 1290.6999999999998,
    "pct2ResTime" : 1464.85,
    "pct3ResTime" : 1750.91,
    "throughput" : 67.79150346489907,
    "receivedKBytesPerSec" : 55.036461471828865,
    "sentKBytesPerSec" : 18.11745584136788
  },
  "GET Logout-1" : {
    "transaction" : "GET Logout-1",
    "sampleCount" : 900,
    "errorCount" : 0,
    "errorPct" : 0.0,
    "meanResTime" : 416.91000000000014,
    "medianResTime" : 315.5,
    "minResTime" : 2.0,
    "maxResTime" : 2673.0,
    "pct1ResTime" : 1026.8,
    "pct2ResTime" : 1251.9499999999998,
    "pct3ResTime" : 1785.93,
    "throughput" : 74.1656365883807,
    "receivedKBytesPerSec" : 56.71063813349814,
    "sentKBytesPerSec" : 13.688774721878863
  },
  "GET homepage-1" : {
    "transaction" : "GET homepage-1",
    "sampleCount" : 900,
    "errorCount" : 0,
    "errorPct" : 0.0,
    "meanResTime" : 456.5888888888889,
    "medianResTime" : 337.5,
    "minResTime" : 3.0,
    "maxResTime" : 3483.0,
    "pct1ResTime" : 1085.5,
    "pct2ResTime" : 1330.0,
    "pct3ResTime" : 2107.94,
    "throughput" : 69.96812563165669,
    "receivedKBytesPerSec" : 53.50101793904999,
    "sentKBytesPerSec" : 12.914038812874136
  }
}