{
  "GET Logout" : {
    "transaction" : "GET Logout",
    "sampleCount" : 900,
    "errorCount" : 0,
    "errorPct" : 0.0,
    "meanResTime" : 818.3811111111106,
    "medianResTime" : 721.5,
    "minResTime" : 10.0,
    "maxResTime" : 3698.0,
    "pct1ResTime" : 1582.6,
    "pct2ResTime" : 1887.2999999999977,
    "pct3ResTime" : 3016.98,
    "throughput" : 76.51759904778099,
    "receivedKBytesPerSec" : 82.27136381992858,
    "sentKBytesPerSec" : 28.320478553817377
  },
  "GET Logout-0" : {
    "transaction" : "GET Logout-0",
    "sampleCount" : 900,
    "errorCount" : 0,
    "errorPct" : 0.0,
    "meanResTime" : 422.0555555555556,
    "medianResTime" : 344.0,
    "minResTime" : 2.0,
    "maxResTime" : 2023.0,
    "pct1ResTime" : 989.7999999999997,
    "pct2ResTime" : 1228.8999999999999,
    "pct3ResTime" : 1586.95,
    "throughput" : 76.53061224489797,
    "receivedKBytesPerSec" : 23.766342474489797,
    "sentKBytesPerSec" : 14.20001594387755
  },
  "Total" : {
    "transaction" : "Total",
    "sampleCount" : 6300,
    "errorCount" : 0,
    "errorPct" : 0.0,
    "meanResTime" : 573.8293650793655,
    "medianResTime" : 422.0,
    "minResTime" : 2.0,
    "maxResTime" : 4179.0,
    "pct1ResTime" : 1356.9000000000005,
    "pct2ResTime" : 1616.9499999999998,
    "pct3ResTime" : 2135.959999999999,
    "throughput" : 492.07217058501914,
    "receivedKBytesPerSec" : 359.39757771616024,
    "sentKBytesPerSec" : 122.58326905803327
  },
  "GET homepage" : {
    "transaction" : "GET homepage",
    "sampleCount" : 900,
    "errorCount" : 0,
    "errorPct" : 0.0,
    "meanResTime" : 925.7355555555557,
    "medianResTime" : 815.5,
    "minResTime" : 10.0,
    "maxResTime" : 3824.0,
    "pct1ResTime" : 1660.0,
    "pct2ResTime" : 1939.5999999999995,
    "pct3ResTime" : 2777.6100000000006,
    "throughput" : 73.28990228013029,
    "receivedKBytesPerSec" : 78.80095938517915,
    "sentKBytesPerSec" : 26.982708163680783
  },
  "GET homepage-0" : {
    "transaction" : "GET homepage-0",
    "sampleCount" : 900,
    "errorCount" : 0,
    "errorPct" : 0.0,
    "meanResTime" : 415.30888888888825,
    "medianResTime" : 335.5,
    "minResTime" : 3.0,
    "maxResTime" : 2674.0,
    "pct1ResTime" : 851.5999999999999,
    "pct2ResTime" : 1172.4999999999993,
    "pct3ResTime" : 1877.0600000000009,
    "throughput" : 73.36757153338225,
    "receivedKBytesPerSec" : 22.784070066030814,
    "sentKBytesPerSec" : 13.469827586206897
  },
  "Login" : {
    "transaction" : "Login",
    "sampleCount" : 900,
    "errorCount" : 0,
    "errorPct" : 0.0,
    "meanResTime" : 590.2733333333325,
    "medianResTime" : 404.0,
    "minResTime" : 2.0,
    "maxResTime" : 4179.0,
    "pct1ResTime" : 1543.6999999999998,
    "pct2ResTime" : 1740.9499999999998,
    "pct3ResTime" : 2102.5700000000006,
    "throughput" : 70.59930969563854,
    "receivedKBytesPerSec" : 57.31597603545654,
    "sentKBytesPerSec" : 18.867849368528397
  },
  "GET Logout-1" : {
    "transaction" : "GET Logout-1",
    "sampleCount" : 900,
    "errorCount" : 0,
    "errorPct" : 0.0,
    "meanResTime" : 366.9799999999998,
    "medianResTime" : 261.5,
    "minResTime" : 2.0,
    "maxResTime" : 2066.0,
    "pct1ResTime" : 876.0999999999998,
    "pct2ResTime" : 1192.4999999999993,
    "pct3ResTime" : 1619.98,
    "throughput" : 77.74034724021767,
    "receivedKBytesPerSec" : 59.444035047939884,
    "sentKBytesPerSec" : 14.348560183985489
  },
  "GET homepage-1" : {
    "transaction" : "GET homepage-1",
    "sampleCount" : 900,
    "errorCount" : 0,
    "errorPct" : 0.0,
    "meanResTime" : 478.07111111111215,
    "medianResTime" : 342.5,
    "minResTime" : 4.0,
    "maxResTime" : 2406.0,
    "pct1ResTime" : 1144.6,
    "pct2ResTime" : 1351.9499999999998,
    "pct3ResTime" : 1770.99,
    "throughput" : 75.0625521267723,
    "receivedKBytesPerSec" : 57.39646319849875,
    "sentKBytesPerSec" : 13.854318703085905
  }
}